MAE,RMSE,R2,n_rows
1.0404189876108882,1.441801758735272,0.055869970735636376,299
