feature,coefficient
ecan_max_Hs,-0.7204603087794
dir_sin,-0.3702270065972567
type_0,-0.04853563830279749
type_2,-0.03306851271716268
type_1,0.06260246149886123
dir_cos,0.2873583483093069
ecan_mean_Hs,0.6458705920957609
ecan_storm_hours,0.9127581786748132
