,Bias,RMSE,Correlation
Hs,2.025640778167641,2.0758629648836484,-0.01596494756276168
Storm hours,-13.152542372881356,20.665755401815915,0.13590783082510235
Direction,28.833070976070466,46.68093715605273,0.3389180033541029
